{"binary_operators":["+","-","*","/"],"equations":["sqrt(exp(0.758045193434355 + ((-0.9325919884816593 / x1) + 0.0637074791781409))) - sin((1.4685001622103309 - x1) + -1.038700831715587)","((sin(x1) / ((x3 * x3) - x2)) / x3) * (0.5042284935827229 - sin(log((0.7509253169018066 / x3) - -0.3767334781997033) + x2))","(x4 - x1) - ((x4 * (0.2991555215805556 * ((2.764928163857834 + x3) + x2))) / (sqrt(x3) + (0.790545390720214 + x4)))","(x3 * (0.08279777007184606 * (sin(x2) / x2))) - (0.3807375339792996 + x3)","exp(((1.1367697092537818 * (-0.7922191094921041 / (x1 + x1))) + (x1 / (sqrt(x1) / -0.8513866303450945))) / sqrt(x1))","sqrt(exp(x3) * 0.21643609800943944)","x1 * (x4 * 0.6262919594113278)","sin((-0.43132085438154105 - (-1.9189063151373302 * x2)) * (2.2444576070235396 + sqrt(x2))) / sqrt(x1)","sqrt(x1) * (x2 - -0.28987603894108716)","(log(x1) / (((1.206503471490871 + (x1 / 0.3250591516844386)) - (1.8933359900958286 / x1)) * x1)) / exp((x3 * x3) - sqrt(x1))"],"max_num_features":5,"timestamp":"20251216_130625","num_equations":10,"unary_operators":["sin","sqrt","exp","log"]}